{"cameraMode":{"drawMode":0,"name":"Shaded","section":"Shading Mode"},"sceneLighting":true,"audioPlay":false,"sceneViewState":{"showFog":true,"showMaterialUpdate":false,"showSkybox":true,"showFlares":true,"showImageEffects":true,"showParticleSystems":true},"in2DMode":false,"pivot":{"x":246.67678833007813,"y":170.66510009765626,"z":0.6879520416259766},"rotation":{"x":-0.0033095371909439565,"y":-0.0009028312633745372,"z":0.0000029681134492420826,"w":-0.999994695186615},"size":311.50201416015627,"orthographic":false}