{"cameraMode":{"drawMode":0,"name":"Shaded","section":"Shading Mode"},"sceneLighting":false,"audioPlay":false,"sceneViewState":{"showFog":true,"showMaterialUpdate":false,"showSkybox":false,"showFlares":true,"showImageEffects":true,"showParticleSystems":true},"in2DMode":false,"pivot":{"x":0.8253456354141235,"y":-0.4456707239151001,"z":-0.43081048130989077},"rotation":{"x":-0.0033095371909439565,"y":-0.0009028312633745372,"z":0.0000029681134492420826,"w":-0.999994695186615},"size":22.0,"orthographic":false}