{"cameraMode":{"drawMode":0,"name":"Shaded","section":"Shading Mode"},"sceneLighting":true,"audioPlay":false,"sceneViewState":{"showFog":true,"showMaterialUpdate":false,"showSkybox":true,"showFlares":true,"showImageEffects":true,"showParticleSystems":true},"in2DMode":false,"pivot":{"x":1.1568832397460938,"y":0.6109107732772827,"z":0.018993377685546876},"rotation":{"x":-0.0033095371909439565,"y":-0.0009028312633745372,"z":0.0000029681134492420826,"w":-0.999994695186615},"size":12.660858154296875,"orthographic":false}